4,CONCRETE WORK,,
,SUB STRUCTURE,,
a,C-7 Lean Concrete (Hand mix) (C-7),m²,751.11
b,C-5 Lean Concrete (Hand mix) (C-5),m²,713.67
c,C-15 l0cm thick mass concrete pavement cost include hard core & 7cm,m²,"3,417.50"
d,"Mortar production (ratio , 1:3)",m³,l4.858.24
e,"Light Weight Concrete (ratio, 1:2:5)",m³,"15,504.69"
f,10cm Thick C-15 mass Concrete,m²,"1,561.29"
g,Supply & Apply polymer modified Semielastic cementitious coating ,m²,842.11
h,Supply & Apply 4mm thick approved quality water proof membrane,m²,"2,024.39"
i,Supply & Apply ACRYLIC approved quality water proof.,m²,"1,391.30"
j,l0mm thick stayrofoam expansion joint between ground floor slab &,ml,247.21
k,20mm thick stayrofoam expansion joint between ground fioor slab &,ml,342.65
i,GRP Water Tanker with all fitting accessories,m³,"85,000.00"
,SUB STRUCTURE,,
4.1,R.C. C-15 280 kg of cement per m3 with drum mixer,,
4.1.1,C-15 Concrete (Mechanical Mix) 1 :2:4 with admixture,m³,"18,040.92"
4.1.2,"C-15 Concrete (Mechanical Mix) 1 :2:4 for Footing ,Beam and slab",m³,"I 7,376 92"
4.1.3,"C-1 5 Concrete (Mechanical Mix) 1:2:4 for Column ,shear wall",m³,"16,215.96"
4.2,R.C. C-20 336 kg of cement per m3 with drum mixer,,
4.2.1,C-20 Concrete (Mechanical Mix) 1 :2:3 with admixture,m³,"17,033.09"
4.2.2,"C-20 Concrete (Mechanical Mix) 1:2:3 for Footing ,Beam and slab",m³,"l 6,369.09"
4.2.3,"C-20 Concrete (Mechanical Mix) 1:2:3 for Column ,shear wall",m³,"16,971.96"
4.3,R.C. C-25 378 hg of cement per m3 with drum mixer,,
4.3.1,C-25 Concrete (Mechanical Mix) l:2:3 with admixture,m³,"l 9,822.41"
4.3.2,"C-25 Concrete (Mechanical Mix) l:2:3 for Footing ,Beam and slab",m³,19.158.42
4.3.3,"C-25 Concrete (Mechanical Mix) 1:2:3 for Column ,shear wall",m³,"19,761.29"
4.3.4,C-25 Concrete (Mechanical Mix) l:2:3 for l0cm thick slab,m²,"1,915.84"
4.4,R.C. C-30 420 kg of cement per m3 with drum mixer,,
4.4.1,C-3O Concrete (Mechanical Mix) 1 :2:3 with admixture,m³,"20,830.41"
4.4.2,"C-30 Concrete (Mechanical Mix) I :2:S for Fooling ,Beam and slab",m³,"20,166.42"
4.4.3,"C-30 Concrete (Mechanical lix) 1 :2:3 for Column ,shear wall",m³,"20,769.29"
,SUPER STRUCTURE,,
4.7,R.C. C-25 378 kg of cement per m3 with drum mixer,,
4.7.1,C-25 Concrete (Mechanical Mix) 1 :2:3 with admixture,m³,"20,499.27"
4.7.2,C-25 Concrete (Mechanical Mix) 1 :2:3 for Beam and slab,m³,"19,835.27"
4.7.3,"C-25 Concrete (Mechanical Mix) l:2:3 for Column ,shear wall",m³,"20,525.83"
4.7.4,C-25 Concrete (Mechanical Mix) I :2:o for Stair case,m³,"21,019.09"
4.7.5,C-25 Concrete (Mechanical Mix) 1 :2:3 for l5cm thick slab,m²,"2,873.76"
4.7.6,C-25 Concrete (Mechanical Mix) I :2:3 for 18cm thick slab,m²,"3,44g.52"
4.8,R.C. C-30 420 kg of cement per m3 with drum mixer,,
4.8.1,C-30 Concrete (Mechanical iviix) l :2:3 with adiuixtui e,m³,"21,507.27"
4.8.2,C-30 Concrete (Mechanical Mix) l :2:u for Beam and slab,m³,"20,843.27"
4.8.3,"C-30 Concrete (Mechanical Mix) 1 :2:o for Column ,shear wall",m³,"21,533.83"
4.8.4,C-30 Concrete (Mechanical Mix) 1:2:3 for Stair case,m³,"22,027.09"
,READY MIX CONCRETE WITH STATIONARY PUMP,,
4.13.6,"Supply and cast Reinforced concrete quality C-25,378 Kg of cement/ m3 with water tight chemical in accordance with manufacturer Technicaldata sheet instruction, filled into fromwork and vibrated around rod reinforcement (formwork and reinforcement measured separately).",m³,"23,l06.85"
4.13.7,"Supply and cast Reinforced concrete quality C-30, 420 Kg of cement/ m3 with water tight chemical in accordance with manufacturer Technical data sheet instruction, filled into from work and vibiated around rod reinforcement (formwork and reinforcement measured separately).",m³,"23,736.85"
4.13.7,"Supply and cast Reinforced concrete quality C-40, 448 Kg of cement/ m3 with water tight chemical in accordance with manufacturer Technical data sheet instruction, filled into fromwork and vibrated around rod reinfoicement (formwork and reinforcement measured separately}.",m³,"24,051.85"
,READY MIX CONCRETE WITHOUT STATIONARY PUMP,,
4.13.6,"Supply and cast Reinforced concrete quality C-25,378 Kg of cement/ m3 with water tight chemical in accordance with manufacturer Technical data sheet instruction, filled into from work and vibrated around rod reinfoicement (formwork and reinforcement measured separately) Ready Mix. Unit price Shall include Water tight & Concrete bondage chemicals as well as all the necessary works.",m³,"22,556.85"
4. 13.7,"Supply and cast Reinforced concrète quality C-30, 420 Kg of cement/ m3 with water tight chemical in accordance with manufacturer Technical data sheet instruction, filled into from work and vibrated around rod reinforcement (formwork and reinforcement measured separately) Ready Mix . Unit price Shall include Water tight & Concrète bondage chernicals as well as all the necessary works.",m³,"25,186 85"
4.13.7,"Supply and cast Reinforced concrete quality C-40, 504 Kg of cement/ m with water tight chemical in accordance with manufacturerTechnical data sheet insti uction, filled
 into from work and vibrated around rod reinforcement
 (tormwork and reinforcement measured separately) Ready Mix. Unit price 8hall include Water tight & Concrete bondage chemicals as well as all the necessary works.",m³,"23,50.1.85"
4.14,Form work,,
4.14.1,"Wooden form work For Beam, Footing & Co1innn.sub structure",m²,"1,151.94"
4.14.2,"Wooden for in work For Super structure column , Floor beans & slab",m²,"1,1.77.21"
4.14.3,I 8mm thick Fair Faced Form work (high quality playwood) wiih crane,m²,"1,731.63"
4.14.4,Wooden scafolding,,117
4.15,STEEL REINFORCEMENT,,
,SUB STRUCTURE,,
4.15.1,Local Re-Bar Grade 75: Dra. 6mm (Sub structure),kg,259.15
4.15.2,Local Re-Bar Grade 75: Dia. 8mm (Sub structure),kg,254.24
4.15.3,local Re-Bar Grade 75: Dia. 10mm (Sub structutc),kg,254.24
4.15.4,"Local Re-Bar Grade 75: Dia, 12mm (Sub structure)",kg,250.96
4.15.5,Local Re-Bar Grade 75: Dia. 14 mm (Sub structure),kg,250.96
4.15.6,Local Re-Bar Grade 75: Dia. 16mm (Sub structure),kg,250.96
4.15.7,Local Re-Bar Grade 75: Dia. 20mm (Sub structure),kg,250.96
4.15.8,Local Re-Bar Grade 75: Dia. 24mm (Sub structure),kg,250.96
4.15.9,Local Re-Bar Grade 75: Dia. 32 mm (Sub structure),kg,250.96
,SUPER STRUCTURE,,
4.15.10,Local Re-Bar Grade 75: Dia. 6mm (Super structure),kg,261.26
4.15.11,Local Re-Bar Grade 75: Dia. 8mm (Super structure),kg,261.26
4.15.12,Local Re-Bar Grade 75: Dia. 10mm (Super structure),kg,261.26
4.15.13,Local Re-Bar Grade 75: Dia. 12mm (Super structure),kg,253.93
4.15.14,Local Re-Bar Grade 75: Dia. l4mm (Super structure),kg,253.93
4.15.15,Local Re-Bar Grade 75: Dia. 16mm (Super structure),kg,253.93
4.15.16,Local Re-Bar Grade 75: Dia. 20mm (Super structure),kg,253.93
4.15.17,Local Re-Bar Grade 75: Dia. 24mm (Super structure),kg,253.93
4.15.18,Local Re-Bar Grade 75: Dia. 32mm (Super structure),kg,253.93